TradeId,UQL_OC_MMB_MS,UQL_OC_MMB_MS_PC
10906628,0,0
11100287,-17342316.28,10143987.25
11254359,30560,46050
11597827,0,0
11683176,-14109586.5,14839736.32
1801963,-1430498.27,5690957.62
1978313,-6171098.06,2304242.31
2604552,0,0
2765636,-4235723.87,2477471.89
5323662,0,0
5574554,-3344900.79,7140277.46
6998156,0,0
6998406,-1250326.02,2463165.92
7551081,-405161.12,930841.86
7774626,0,0
8394430,0,0
8510217,0,0
9453972,-52442.3,86814.71
